{
    "AWSTemplateFormatVersion": "2010-09-09",
    "Description": "AWS CloudFormation Sample Template vpc_single_instance_in_subnet.template: Sample template showing how to create a VPC and add an EC2 instance with an Elastic IP address and a security group. **WARNING** This template creates an Amazon EC2 instance. You will be billed for the AWS resources used if you create a stack from this template.",
    "Parameters": {
        "InstanceType": {
            "Description": "WebServer EC2 instance type",
            "Type": "String",
            "Default": "m1.small",
            "AllowedValues": [
                "t1.micro",
                "m1.small",
                "m1.medium",
                "m1.large",
                "m1.xlarge",
                "m2.xlarge",
                "m2.2xlarge",
                "m2.4xlarge",
                "m3.xlarge",
                "m3.2xlarge",
                "c1.medium",
                "c1.xlarge",
                "cc1.4xlarge",
                "cc2.8xlarge",
                "cg1.4xlarge"
            ],
            "ConstraintDescription": "must be a valid EC2 instance type."
        },
        "KeyName": {
            "Description": "Name of an existing EC2 KeyPair to enable SSH access to the instance",
            "Type": "String",
            "MinLength": "1",
            "MaxLength": "255",
            "AllowedPattern": "[\\x20-\\x7E]*",
            "ConstraintDescription": "can contain only ASCII characters."
        },
        "SSHLocation": {
            "Description": " The IP address range that can be used to SSH to the EC2 instances",
            "Type": "String",
            "MinLength": "9",
            "MaxLength": "18",
            "Default": "0.0.0.0/0",
            "AllowedPattern": "(\\d{1,3})\\.(\\d{1,3})\\.(\\d{1,3})\\.(\\d{1,3})/(\\d{1,2})",
            "ConstraintDescription": "must be a valid IP CIDR range of the form x.x.x.x/x."
        }
    },
    "Mappings": {
        "RegionMap": {
            "us-east-1": {
                "AMI": "ami-7f418316"
            },
            "us-west-1": {
                "AMI": "ami-951945d0"
            },
            "us-west-2": {
                "AMI": "ami-16fd7026"
            },
            "eu-west-1": {
                "AMI": "ami-24506250"
            },
            "sa-east-1": {
                "AMI": "ami-3e3be423"
            },
            "ap-southeast-1": {
                "AMI": "ami-74dda626"
            },
            "ap-southeast-2": {
                "AMI": "ami-b3990e89"
            },
            "ap-northeast-1": {
                "AMI": "ami-dcfa4edd"
            }
        }
    },
    "Resources": {
        "VPC": {
            "Type": "AWS::EC2::VPC",
            "Properties": {
                "CidrBlock": "10.16.0.0/16",
                "Tags": [
                    {
                        "Key": "Application",
                        "Value": {
                            "Ref": "AWS::StackId"
                        }
                    }
                ]
            }
        },
        "Subnet": {
            "Type": "AWS::EC2::Subnet",
            "Properties": {
                "VpcId": {
                    "Ref": "VPC"
                },
                "CidrBlock": "10.16.0.0/24",
                "Tags": [
                    {
                        "Key": "Application",
                        "Value": {
                            "Ref": "AWS::StackId"
                        }
                    }
                ]
            }
        },
        "InternetGateway": {
            "Type": "AWS::EC2::InternetGateway",
            "Properties": {
                "Tags": [
                    {
                        "Key": "Application",
                        "Value": {
                            "Ref": "AWS::StackId"
                        }
                    }
                ]
            }
        },
        "AttachGateway": {
            "Type": "AWS::EC2::VPCGatewayAttachment",
            "Properties": {
                "VpcId": {
                    "Ref": "VPC"
                },
                "InternetGatewayId": {
                    "Ref": "InternetGateway"
                }
            }
        },
        "RouteTable": {
            "Type": "AWS::EC2::RouteTable",
            "Properties": {
                "VpcId": {
                    "Ref": "VPC"
                },
                "Tags": [
                    {
                        "Key": "Application",
                        "Value": {
                            "Ref": "AWS::StackId"
                        }
                    }
                ]
            }
        },
        "Route": {
            "Type": "AWS::EC2::Route",
            "DependsOn": "AttachGateway",
            "Properties": {
                "RouteTableId": {
                    "Ref": "RouteTable"
                },
                "DestinationCidrBlock": "0.0.0.0/0",
                "GatewayId": {
                    "Ref": "InternetGateway"
                }
            }
        },
        "SubnetRouteTableAssociation": {
            "Type": "AWS::EC2::SubnetRouteTableAssociation",
            "Properties": {
                "SubnetId": {
                    "Ref": "Subnet"
                },
                "RouteTableId": {
                    "Ref": "RouteTable"
                }
            }
        },
        "NetworkAcl": {
            "Type": "AWS::EC2::NetworkAcl",
            "Properties": {
                "VpcId": {
                    "Ref": "VPC"
                },
                "Tags": [
                    {
                        "Key": "Application",
                        "Value": {
                            "Ref": "AWS::StackId"
                        }
                    }
                ]
            }
        },
        "InboundHTTPNetworkAclEntry": {
            "Type": "AWS::EC2::NetworkAclEntry",
            "Properties": {
                "NetworkAclId": {
                    "Ref": "NetworkAcl"
                },
                "RuleNumber": "100",
                "Protocol": "6",
                "RuleAction": "allow",
                "Egress": "false",
                "CidrBlock": "0.0.0.0/0",
                "PortRange": {
                    "From": "80",
                    "To": "80"
                }
            }
        },
        "InboundSSHNetworkAclEntry": {
            "Type": "AWS::EC2::NetworkAclEntry",
            "Properties": {
                "NetworkAclId": {
                    "Ref": "NetworkAcl"
                },
                "RuleNumber": "101",
                "Protocol": "6",
                "RuleAction": "allow",
                "Egress": "false",
                "CidrBlock": "0.0.0.0/0",
                "PortRange": {
                    "From": "22",
                    "To": "22"
                }
            }
        },
        "InboundResponsePortsNetworkAclEntry": {
            "Type": "AWS::EC2::NetworkAclEntry",
            "Properties": {
                "NetworkAclId": {
                    "Ref": "NetworkAcl"
                },
                "RuleNumber": "102",
                "Protocol": "6",
                "RuleAction": "allow",
                "Egress": "false",
                "CidrBlock": "0.0.0.0/0",
                "PortRange": {
                    "From": "1024",
                    "To": "65535"
                }
            }
        },
        "OutBoundHTTPNetworkAclEntry": {
            "Type": "AWS::EC2::NetworkAclEntry",
            "Properties": {
                "NetworkAclId": {
                    "Ref": "NetworkAcl"
                },
                "RuleNumber": "100",
                "Protocol": "6",
                "RuleAction": "allow",
                "Egress": "true",
                "CidrBlock": "0.0.0.0/0",
                "PortRange": {
                    "From": "80",
                    "To": "80"
                }
            }
        },
        "OutBoundHTTPSNetworkAclEntry": {
            "Type": "AWS::EC2::NetworkAclEntry",
            "Properties": {
                "NetworkAclId": {
                    "Ref": "NetworkAcl"
                },
                "RuleNumber": "101",
                "Protocol": "6",
                "RuleAction": "allow",
                "Egress": "true",
                "CidrBlock": "0.0.0.0/0",
                "PortRange": {
                    "From": "443",
                    "To": "443"
                }
            }
        },
        "OutBoundResponsePortsNetworkAclEntry": {
            "Type": "AWS::EC2::NetworkAclEntry",
            "Properties": {
                "NetworkAclId": {
                    "Ref": "NetworkAcl"
                },
                "RuleNumber": "102",
                "Protocol": "6",
                "RuleAction": "allow",
                "Egress": "true",
                "CidrBlock": "0.0.0.0/0",
                "PortRange": {
                    "From": "1024",
                    "To": "65535"
                }
            }
        },
        "SubnetNetworkAclAssociation": {
            "Type": "AWS::EC2::SubnetNetworkAclAssociation",
            "Properties": {
                "SubnetId": {
                    "Ref": "Subnet"
                },
                "NetworkAclId": {
                    "Ref": "NetworkAcl"
                }
            }
        },
        "IPAddress": {
            "Type": "AWS::EC2::EIP",
            "DependsOn": "AttachGateway",
            "Properties": {
                "Domain": "vpc",
                "InstanceId": {
                    "Ref": "WebServerInstance"
                }
            }
        },
        "InstanceSecurityGroup": {
            "Type": "AWS::EC2::SecurityGroup",
            "Properties": {
                "VpcId": {
                    "Ref": "VPC"
                },
                "GroupDescription": "Enable SSH access via port 22",
                "SecurityGroupIngress": [
                    {"IpProtocol" : "tcp", "FromPort" : "80", "ToPort" : "80", "CidrIp" : "0.0.0.0/0"},
                    {"IpProtocol" : "tcp", "FromPort" : "443", "ToPort" : "443", "CidrIp" : "0.0.0.0/0"},
                    {"IpProtocol" : "icmp", "FromPort" : "8", "ToPort" : "-1", "CidrIp" : "0.0.0.0/0" },
                    {"IpProtocol" : "tcp", "FromPort" : "22", "ToPort" : "22", "CidrIp" : "0.0.0.0/0"}}
                ]
            }
        },
        "WebServerInstance": {
            "Type": "AWS::EC2::Instance",
            "Metadata": {
                "Comment": "Install a simple PHP application",
                "AWS::CloudFormation::Init": {
                    "config": {
                        "packages": {
                            "yum": {
                                "httpd": [],
                                "php": []
                            }
                        },
                        "files": {
                            "/var/www/html/index.php": {
                                "content": {
                                    "Fn::Join": [
                                        "",
                                        [
                                            "<?php\n",
                                            "echo '<h1>AWS CloudFormation sample PHP application</h1>';\n",
                                            "?>\n"
                                        ]
                                    ]
                                },
                                "mode": "000644",
                                "owner": "apache",
                                "group": "apache"
                            },
                            "/etc/cfn/cfn-hup.conf": {
                                "content": {
                                    "Fn::Join": [
                                        "",
                                        [
                                            "[main]\n",
                                            "stack=",
                                            {
                                                "Ref": "AWS::StackId"
                                            },
                                            "\n",
                                            "region=",
                                            {
                                                "Ref": "AWS::Region"
                                            },
                                            "\n"
                                        ]
                                    ]
                                },
                                "mode": "000400",
                                "owner": "root",
                                "group": "root"
                            },
                            "/etc/cfn/hooks.d/cfn-auto-reloader.conf": {
                                "content": {
                                    "Fn::Join": [
                                        "",
                                        [
                                            "[cfn-auto-reloader-hook]\n",
                                            "triggers=post.update\n",
                                            "path=Resources.WebServerInstance.Metadata.AWS::CloudFormation::Init\n",
                                            "action=/opt/aws/bin/cfn-init -s ",
                                            {
                                                "Ref": "AWS::StackId"
                                            },
                                            " -r WebServerInstance ",
                                            " --region     ",
                                            {
                                                "Ref": "AWS::Region"
                                            },
                                            "\n",
                                            "runas=root\n"
                                        ]
                                    ]
                                }
                            }
                        },
                        "services": {
                            "sysvinit": {
                                "httpd": {
                                    "enabled": "true",
                                    "ensureRunning": "true"
                                },
                                "sendmail": {
                                    "enabled": "false",
                                    "ensureRunning": "false"
                                }
                            }
                        }
                    }
                }
            },
            "Properties": {
                "ImageId": "ami-a4c7edb2",
                "SecurityGroupIds": [
                    {
                        "Ref": "InstanceSecurityGroup"
                    }
                ],
                "SubnetId": {
                    "Ref": "Subnet"
                },
                "InstanceType": {
                    "Ref": "InstanceType"
                },
                "KeyName": {
                    "Ref": "KeyName"
                },
                "Tags": [
                    {
                        "Key": "Application",
                        "Value": {
                            "Ref": "AWS::StackId"
                        }
                    }
                ],
                "UserData": {
                    "Fn::Base64": {
                        "Fn::Join": [
                            "",
                            [
                                "#!/bin/bash\n",
                                "yum update -y aws-cfn-bootstrap\n",
                                "# Helper function\n",
                                "function error_exit\n",
                                "{\n",
                                "  /opt/aws/bin/cfn-signal -e 1 -r \"$1\" '",
                                {
                                    "Ref": "WebServerWaitHandle"
                                },
                                "'\n",
                                "  exit 1\n",
                                "}\n",
                                "# Install the simple web page\n",
                                "/opt/aws/bin/cfn-init -s ",
                                {
                                    "Ref": "AWS::StackId"
                                },
                                " -r WebServerInstance ",
                                "         --region ",
                                {
                                    "Ref": "AWS::Region"
                                },
                                " || error_exit 'Failed to run cfn-init'\n",
                                "# Start up the cfn-hup daemon to listen for changes to the Web Server metadata\n",
                                "/opt/aws/bin/cfn-hup || error_exit 'Failed to start cfn-hup'\n",
                                "# All done so signal success\n",
                                "/opt/aws/bin/cfn-signal -e 0 -r \"WebServer setup complete\" '",
                                {
                                    "Ref": "WebServerWaitHandle"
                                },
                                "'\n"
                            ]
                        ]
                    }
                }
            }
        },
        "WebServerWaitHandle": {
            "Type": "AWS::CloudFormation::WaitConditionHandle"
        },
        "WebServerWaitCondition": {
            "Type": "AWS::CloudFormation::WaitCondition",
            "DependsOn": "WebServerInstance",
            "Properties": {
                "Handle": {
                    "Ref": "WebServerWaitHandle"
                },
                "Timeout": "300"
            }
        }
    },
    "Outputs": {
        "URL": {
            "Value": {
                "Fn::Join": [
                    "",
                    [
                        "http://",
                        {
                            "Fn::GetAtt": [
                                "WebServerInstance",
                                "PublicIp"
                            ]
                        }
                    ]
                ]
            },
            "Description": "Newly created application URL"
        }
    }
}